<?xml version="1.0" encoding="UTF-8" standalone="yes"?>
<businessObjectModel xmlns="http://documentation.bonitasoft.com/bdm-xml-schema/1.0" modelVersion="1.0">
    <businessObjects>
        <businessObject qualifiedName="com.company.model.Boletin">
            <fields>
                <field type="LONG" length="255" name="id" nullable="false" collection="false"/>
                <field type="STRING" length="255" name="titulo" nullable="false" collection="false"/>
                <field type="TEXT" length="255" name="contenido" nullable="false" collection="false"/>
                <field type="BOOLEAN" length="255" name="aprobado" nullable="true" collection="false"/>
                <field type="OFFSETDATETIME" length="255" name="fechaPublicacion" nullable="false" collection="false"/>
            </fields>
            <uniqueConstraints/>
            <queries/>
            <indexes/>
        </businessObject>
        <businessObject qualifiedName="com.company.model.Consulta">
            <fields>
                <field type="LONG" length="255" name="id" nullable="false" collection="false"/>
                <field type="STRING" length="255" name="nombreSolicitante" nullable="false" collection="false"/>
                <field type="INTEGER" length="255" name="dni" nullable="false" collection="false"/>
                <field type="STRING" length="255" name="detalle" nullable="false" collection="false"/>
                <field type="OFFSETDATETIME" length="255" name="fechaConsulta" nullable="false" collection="false"/>
            </fields>
            <uniqueConstraints/>
            <queries/>
            <indexes/>
        </businessObject>
        <businessObject qualifiedName="com.company.model.MaterialDifusion">
            <fields>
                <field type="LONG" length="255" name="id" nullable="false" collection="false"/>
                <field type="STRING" length="255" name="titulo" nullable="false" collection="false"/>
                <field type="TEXT" length="255" name="contenido" nullable="false" collection="false"/>
                <field type="OFFSETDATETIME" length="255" name="fechaCreacion" nullable="false" collection="false"/>
                <field type="OFFSETDATETIME" length="255" name="fechaModificacion" nullable="true" collection="false"/>
            </fields>
            <uniqueConstraints/>
            <queries/>
            <indexes/>
        </businessObject>
        <businessObject qualifiedName="com.company.model.PlanDifusion">
            <fields>
                <field type="LONG" length="255" name="id" nullable="false" collection="false"/>
                <field type="TEXT" length="255" name="medios" nullable="false" collection="false"/>
                <field type="FLOAT" length="255" name="presupuesto" nullable="false" collection="false"/>
                <field type="TEXT" length="255" name="cronograma" nullable="false" collection="false"/>
                <field type="BOOLEAN" length="255" name="aprobado" nullable="false" collection="false"/>
            </fields>
            <uniqueConstraints/>
            <queries/>
            <indexes/>
        </businessObject>
        <businessObject qualifiedName="com.company.model.Respuesta">
            <fields>
                <field type="LONG" length="255" name="id" nullable="false" collection="false"/>
                <field type="LONG" length="255" name="consultaId" nullable="false" collection="false"/>
                <field type="STRING" length="255" name="respuesta" nullable="false" collection="false"/>
                <field type="OFFSETDATETIME" length="255" name="fechaRespuesta" nullable="false" collection="false"/>
            </fields>
            <uniqueConstraints/>
            <queries/>
            <indexes/>
        </businessObject>
    </businessObjects>
</businessObjectModel>
